[
    {
        "name": "subject_id",
        "type": "INT64",
        "mode": "REQUIRED"
    },
    {
        "name": "hadm_id",
        "type": "INT64",
        "mode": "REQUIRED"
    },
    {
        "name": "drg_type",
        "type": "STRING",
        "mode": "NULLABLE"
    },
    {
        "name": "drg_code",
        "type": "STRING",
        "mode": "REQUIRED"
    },
    {
        "name": "description",
        "type": "STRING",
        "mode": "NULLABLE"
    },
    {
        "name": "drg_severity",
        "type": "INT64",
        "mode": "NULLABLE"
    },
    {
        "name": "drg_mortality",
        "type": "INT64",
        "mode": "NULLABLE"
    }
]