[
    {
        "name": "labevent_id",
        "type": "INT64",
        "mode": "REQUIRED"
    },
    {
        "name": "subject_id",
        "type": "INT64",
        "mode": "REQUIRED"
    },
    {
        "name": "hadm_id",
        "type": "INT64",
        "mode": "NULLABLE"
    },
    {
        "name": "specimen_id",
        "type": "INT64",
        "mode": "REQUIRED"
    },
    {
        "name": "itemid",
        "type": "INT64",
        "mode": "REQUIRED"
    },
    {
        "name": "order_provider_id",
        "type": "STRING",
        "mode": "NULLABLE"
    },
    {
        "name": "charttime",
        "type": "DATETIME",
        "mode": "NULLABLE"
    },
    {
        "name": "storetime",
        "type": "DATETIME",
        "mode": "NULLABLE"
    },
    {
        "name": "value",
        "type": "STRING",
        "mode": "NULLABLE"
    },
    {
        "name": "valuenum",
        "type": "FLOAT64",
        "mode": "NULLABLE"
    },
    {
        "name": "valueuom",
        "type": "STRING",
        "mode": "NULLABLE"
    },
    {
        "name": "ref_range_lower",
        "type": "FLOAT64",
        "mode": "NULLABLE"
    },
    {
        "name": "ref_range_upper",
        "type": "FLOAT64",
        "mode": "NULLABLE"
    },
    {
        "name": "flag",
        "type": "STRING",
        "mode": "NULLABLE"
    },
    {
        "name": "priority",
        "type": "STRING",
        "mode": "NULLABLE"
    },
    {
        "name": "comments",
        "type": "STRING",
        "mode": "NULLABLE"
    }
]