[
    {
        "name": "poe_id",
        "type": "STRING",
        "mode": "REQUIRED"
    },
    {
        "name": "poe_seq",
        "type": "INT64",
        "mode": "REQUIRED"
    },
    {
        "name": "subject_id",
        "type": "INT64",
        "mode": "REQUIRED"
    },
    {
        "name": "hadm_id",
        "type": "INT64",
        "mode": "NULLABLE"
    },
    {
        "name": "ordertime",
        "type": "DATETIME",
        "mode": "REQUIRED"
    },
    {
        "name": "order_type",
        "type": "STRING",
        "mode": "REQUIRED"
    },
    {
        "name": "order_subtype",
        "type": "STRING",
        "mode": "NULLABLE"
    },
    {
        "name": "transaction_type",
        "type": "STRING",
        "mode": "NULLABLE"
    },
    {
        "name": "discontinue_of_poe_id",
        "type": "STRING",
        "mode": "NULLABLE"
    },
    {
        "name": "discontinued_by_poe_id",
        "type": "STRING",
        "mode": "NULLABLE"
    },
    {
        "name": "order_provider_id",
        "type": "STRING",
        "mode": "NULLABLE"
    },
    {
        "name": "order_status",
        "type": "STRING",
        "mode": "NULLABLE"
    }
]