[
    {
        "name": "subject_id",
        "type": "INT64",
        "mode": "REQUIRED"
    },
    {
        "name": "hadm_id",
        "type": "INT64",
        "mode": "REQUIRED"
    },
    {
        "name": "pharmacy_id",
        "type": "INT64",
        "mode": "REQUIRED"
    },
    {
        "name": "poe_id",
        "type": "STRING",
        "mode": "NULLABLE"
    },
    {
        "name": "poe_seq",
        "type": "INT64",
        "mode": "NULLABLE"
    },
    {
        "name": "order_provider_id",
        "type": "STRING",
        "mode": "NULLABLE"
    },
    {
        "name": "starttime",
        "type": "DATETIME",
        "mode": "NULLABLE"
    },
    {
        "name": "stoptime",
        "type": "DATETIME",
        "mode": "NULLABLE"
    },
    {
        "name": "drug_type",
        "type": "STRING",
        "mode": "REQUIRED"
    },
    {
        "name": "drug",
        "type": "STRING",
        "mode": "REQUIRED"
    },
    {
        "name": "formulary_drug_cd",
        "type": "STRING",
        "mode": "NULLABLE"
    },
    {
        "name": "gsn",
        "type": "STRING",
        "mode": "NULLABLE"
    },
    {
        "name": "ndc",
        "type": "STRING",
        "mode": "NULLABLE"
    },
    {
        "name": "prod_strength",
        "type": "STRING",
        "mode": "NULLABLE"
    },
    {
        "name": "form_rx",
        "type": "STRING",
        "mode": "NULLABLE"
    },
    {
        "name": "dose_val_rx",
        "type": "STRING",
        "mode": "NULLABLE"
    },
    {
        "name": "dose_unit_rx",
        "type": "STRING",
        "mode": "NULLABLE"
    },
    {
        "name": "form_val_disp",
        "type": "STRING",
        "mode": "NULLABLE"
    },
    {
        "name": "form_unit_disp",
        "type": "STRING",
        "mode": "NULLABLE"
    },
    {
        "name": "doses_per_24_hrs",
        "type": "FLOAT64",
        "mode": "NULLABLE"
    },
    {
        "name": "route",
        "type": "STRING",
        "mode": "NULLABLE"
    }
]