[
    {
        "name": "subject_id",
        "type": "INT64",
        "mode": "REQUIRED"
    },
    {
        "name": "hadm_id",
        "type": "INT64",
        "mode": "NULLABLE"
    },
    {
        "name": "transfer_id",
        "type": "INT64",
        "mode": "REQUIRED"
    },
    {
        "name": "eventtype",
        "type": "STRING",
        "mode": "NULLABLE"
    },
    {
        "name": "careunit",
        "type": "STRING",
        "mode": "NULLABLE"
    },
    {
        "name": "intime",
        "type": "DATETIME",
        "mode": "NULLABLE"
    },
    {
        "name": "outtime",
        "type": "DATETIME",
        "mode": "NULLABLE"
    }
]