[
  {
    "mode": "NULLABLE", 
    "name": "ROW_ID", 
    "type": "INTEGER"
  }, 
  {
    "mode": "NULLABLE", 
    "name": "SUBJECT_ID", 
    "type": "INTEGER"
  }, 
  {
    "mode": "NULLABLE", 
    "name": "HADM_ID", 
    "type": "INTEGER"
  }, 
  {
    "mode": "NULLABLE", 
    "name": "SUBMIT_WARDID", 
    "type": "INTEGER"
  }, 
  {
    "mode": "NULLABLE", 
    "name": "SUBMIT_CAREUNIT", 
    "type": "STRING"
  }, 
  {
    "mode": "NULLABLE", 
    "name": "CURR_WARDID", 
    "type": "INTEGER"
  }, 
  {
    "mode": "NULLABLE", 
    "name": "CURR_CAREUNIT", 
    "type": "STRING"
  }, 
  {
    "mode": "NULLABLE", 
    "name": "CALLOUT_WARDID", 
    "type": "INTEGER"
  }, 
  {
    "mode": "NULLABLE", 
    "name": "CALLOUT_SERVICE", 
    "type": "STRING"
  }, 
  {
    "mode": "NULLABLE", 
    "name": "REQUEST_TELE", 
    "type": "INTEGER"
  }, 
  {
    "mode": "NULLABLE", 
    "name": "REQUEST_RESP", 
    "type": "INTEGER"
  }, 
  {
    "mode": "NULLABLE", 
    "name": "REQUEST_CDIFF", 
    "type": "INTEGER"
  }, 
  {
    "mode": "NULLABLE", 
    "name": "REQUEST_MRSA", 
    "type": "INTEGER"
  }, 
  {
    "mode": "NULLABLE", 
    "name": "REQUEST_VRE", 
    "type": "INTEGER"
  }, 
  {
    "mode": "NULLABLE", 
    "name": "CALLOUT_STATUS", 
    "type": "STRING"
  }, 
  {
    "mode": "NULLABLE", 
    "name": "CALLOUT_OUTCOME", 
    "type": "STRING"
  }, 
  {
    "mode": "NULLABLE", 
    "name": "DISCHARGE_WARDID", 
    "type": "INTEGER"
  }, 
  {
    "mode": "NULLABLE", 
    "name": "ACKNOWLEDGE_STATUS", 
    "type": "STRING"
  }, 
  {
    "mode": "NULLABLE", 
    "name": "CREATETIME", 
    "type": "DATETIME"
  }, 
  {
    "mode": "NULLABLE", 
    "name": "UPDATETIME", 
    "type": "DATETIME"
  }, 
  {
    "mode": "NULLABLE", 
    "name": "ACKNOWLEDGETIME", 
    "type": "DATETIME"
  }, 
  {
    "mode": "NULLABLE", 
    "name": "OUTCOMETIME", 
    "type": "DATETIME"
  }, 
  {
    "mode": "NULLABLE", 
    "name": "FIRSTRESERVATIONTIME", 
    "type": "DATETIME"
  }, 
  {
    "mode": "NULLABLE", 
    "name": "CURRENTRESERVATIONTIME", 
    "type": "DATETIME"
  }
]
