[
  {
    "mode": "NULLABLE", 
    "name": "ROW_ID", 
    "type": "INTEGER"
  }, 
  {
    "mode": "NULLABLE", 
    "name": "CATEGORY", 
    "type": "INTEGER"
  }, 
  {
    "mode": "NULLABLE", 
    "name": "SECTIONRANGE", 
    "type": "STRING"
  }, 
  {
    "mode": "NULLABLE", 
    "name": "SECTIONHEADER", 
    "type": "STRING"
  }, 
  {
    "mode": "NULLABLE", 
    "name": "SUBSECTIONRANGE", 
    "type": "STRING"
  }, 
  {
    "mode": "NULLABLE", 
    "name": "SUBSECTIONHEADER", 
    "type": "STRING"
  }, 
  {
    "mode": "NULLABLE", 
    "name": "CODESUFFIX", 
    "type": "STRING"
  }, 
  {
    "mode": "NULLABLE", 
    "name": "MINCODEINSUBSECTION", 
    "type": "INTEGER"
  }, 
  {
    "mode": "NULLABLE", 
    "name": "MAXCODEINSUBSECTION", 
    "type": "INTEGER"
  }
]
