[
  {
    "mode": "NULLABLE", 
    "name": "ROW_ID", 
    "type": "INTEGER"
  }, 
  {
    "mode": "NULLABLE", 
    "name": "ITEMID", 
    "type": "INTEGER"
  }, 
  {
    "mode": "NULLABLE", 
    "name": "LABEL", 
    "type": "STRING"
  }, 
  {
    "mode": "NULLABLE", 
    "name": "ABBREVIATION", 
    "type": "STRING"
  }, 
  {
    "mode": "NULLABLE", 
    "name": "DBSOURCE", 
    "type": "STRING"
  }, 
  {
    "mode": "NULLABLE", 
    "name": "LINKSTO", 
    "type": "STRING"
  }, 
  {
    "mode": "NULLABLE", 
    "name": "CATEGORY", 
    "type": "STRING"
  }, 
  {
    "mode": "NULLABLE", 
    "name": "UNITNAME", 
    "type": "STRING"
  }, 
  {
    "mode": "NULLABLE", 
    "name": "PARAM_TYPE", 
    "type": "STRING"
  }, 
  {
    "mode": "NULLABLE", 
    "name": "CONCEPTID", 
    "type": "INTEGER"
  }
]
