[
  {
    "mode": "NULLABLE", 
    "name": "ROW_ID", 
    "type": "INTEGER"
  }, 
  {
    "mode": "NULLABLE", 
    "name": "SUBJECT_ID", 
    "type": "INTEGER"
  }, 
  {
    "mode": "NULLABLE", 
    "name": "HADM_ID", 
    "type": "INTEGER"
  }, 
  {
    "mode": "NULLABLE", 
    "name": "ICUSTAY_ID", 
    "type": "INTEGER"
  }, 
  {
    "mode": "NULLABLE", 
    "name": "ITEMID", 
    "type": "INTEGER"
  }, 
  {
    "mode": "NULLABLE", 
    "name": "CHARTTIME", 
    "type": "DATETIME"
  }, 
  {
    "mode": "NULLABLE", 
    "name": "STORETIME", 
    "type": "DATETIME"
  }, 
  {
    "mode": "NULLABLE", 
    "name": "CGID", 
    "type": "INTEGER"
  }, 
  {
    "mode": "NULLABLE", 
    "name": "VALUE", 
    "type": "DATETIME"
  }, 
  {
    "mode": "NULLABLE", 
    "name": "VALUEUOM", 
    "type": "STRING"
  }, 
  {
    "mode": "NULLABLE", 
    "name": "WARNING", 
    "type": "INTEGER"
  }, 
  {
    "mode": "NULLABLE", 
    "name": "ERROR", 
    "type": "INTEGER"
  }, 
  {
    "mode": "NULLABLE", 
    "name": "RESULTSTATUS", 
    "type": "STRING"
  }, 
  {
    "mode": "NULLABLE", 
    "name": "STOPPED", 
    "type": "STRING"
  }
]
