[
  {
    "mode": "NULLABLE", 
    "name": "ROW_ID", 
    "type": "INTEGER"
  }, 
  {
    "mode": "NULLABLE", 
    "name": "SUBJECT_ID", 
    "type": "INTEGER"
  }, 
  {
    "mode": "NULLABLE", 
    "name": "HADM_ID", 
    "type": "INTEGER"
  }, 
  {
    "mode": "NULLABLE", 
    "name": "DRG_TYPE", 
    "type": "STRING"
  }, 
  {
    "mode": "NULLABLE", 
    "name": "DRG_CODE", 
    "type": "STRING"
  }, 
  {
    "mode": "NULLABLE", 
    "name": "DESCRIPTION", 
    "type": "STRING"
  }, 
  {
    "mode": "NULLABLE", 
    "name": "DRG_SEVERITY", 
    "type": "INTEGER"
  }, 
  {
    "mode": "NULLABLE", 
    "name": "DRG_MORTALITY", 
    "type": "INTEGER"
  }
]
