[
  {
    "mode": "NULLABLE", 
    "name": "ROW_ID", 
    "type": "INTEGER"
  }, 
  {
    "mode": "NULLABLE", 
    "name": "SUBJECT_ID", 
    "type": "INTEGER"
  }, 
  {
    "mode": "NULLABLE", 
    "name": "HADM_ID", 
    "type": "INTEGER"
  }, 
  {
    "mode": "NULLABLE", 
    "name": "ICUSTAY_ID", 
    "type": "INTEGER"
  }, 
  {
    "mode": "NULLABLE", 
    "name": "DBSOURCE", 
    "type": "STRING"
  }, 
  {
    "mode": "NULLABLE", 
    "name": "FIRST_CAREUNIT", 
    "type": "STRING"
  }, 
  {
    "mode": "NULLABLE", 
    "name": "LAST_CAREUNIT", 
    "type": "STRING"
  }, 
  {
    "mode": "NULLABLE", 
    "name": "FIRST_WARDID", 
    "type": "INTEGER"
  }, 
  {
    "mode": "NULLABLE", 
    "name": "LAST_WARDID", 
    "type": "INTEGER"
  }, 
  {
    "mode": "NULLABLE", 
    "name": "INTIME", 
    "type": "DATETIME"
  }, 
  {
    "mode": "NULLABLE", 
    "name": "OUTTIME", 
    "type": "DATETIME"
  }, 
  {
    "mode": "NULLABLE", 
    "name": "LOS", 
    "type": "FLOAT"
  }
]
