[
  {
    "mode": "NULLABLE", 
    "name": "ROW_ID", 
    "type": "INTEGER"
  }, 
  {
    "mode": "NULLABLE", 
    "name": "SUBJECT_ID", 
    "type": "INTEGER"
  }, 
  {
    "mode": "NULLABLE", 
    "name": "HADM_ID", 
    "type": "INTEGER"
  }, 
  {
    "mode": "NULLABLE", 
    "name": "ITEMID", 
    "type": "INTEGER"
  }, 
  {
    "mode": "NULLABLE", 
    "name": "CHARTTIME", 
    "type": "DATETIME"
  }, 
  {
    "mode": "NULLABLE", 
    "name": "VALUE", 
    "type": "STRING"
  }, 
  {
    "mode": "NULLABLE", 
    "name": "VALUENUM", 
    "type": "FLOAT"
  }, 
  {
    "mode": "NULLABLE", 
    "name": "VALUEUOM", 
    "type": "STRING"
  }, 
  {
    "mode": "NULLABLE", 
    "name": "FLAG", 
    "type": "STRING"
  }
]
