[
  {
    "mode": "NULLABLE", 
    "name": "ROW_ID", 
    "type": "INTEGER"
  }, 
  {
    "mode": "NULLABLE", 
    "name": "SUBJECT_ID", 
    "type": "INTEGER"
  }, 
  {
    "mode": "NULLABLE", 
    "name": "HADM_ID", 
    "type": "INTEGER"
  }, 
  {
    "mode": "NULLABLE", 
    "name": "CHARTDATE", 
    "type": "DATETIME"
  }, 
  {
    "mode": "NULLABLE", 
    "name": "CHARTTIME", 
    "type": "DATETIME"
  }, 
  {
    "mode": "NULLABLE", 
    "name": "SPEC_ITEMID", 
    "type": "INTEGER"
  }, 
  {
    "mode": "NULLABLE", 
    "name": "SPEC_TYPE_DESC", 
    "type": "STRING"
  }, 
  {
    "mode": "NULLABLE", 
    "name": "ORG_ITEMID", 
    "type": "INTEGER"
  }, 
  {
    "mode": "NULLABLE", 
    "name": "ORG_NAME", 
    "type": "STRING"
  }, 
  {
    "mode": "NULLABLE", 
    "name": "ISOLATE_NUM", 
    "type": "INTEGER"
  }, 
  {
    "mode": "NULLABLE", 
    "name": "AB_ITEMID", 
    "type": "INTEGER"
  }, 
  {
    "mode": "NULLABLE", 
    "name": "AB_NAME", 
    "type": "STRING"
  }, 
  {
    "mode": "NULLABLE", 
    "name": "DILUTION_TEXT", 
    "type": "STRING"
  }, 
  {
    "mode": "NULLABLE", 
    "name": "DILUTION_COMPARISON", 
    "type": "STRING"
  }, 
  {
    "mode": "NULLABLE", 
    "name": "DILUTION_VALUE", 
    "type": "INTEGER"
  }, 
  {
    "mode": "NULLABLE", 
    "name": "INTERPRETATION", 
    "type": "STRING"
  }
]
