[
  {
    "mode": "NULLABLE", 
    "name": "ROW_ID", 
    "type": "INTEGER"
  }, 
  {
    "mode": "NULLABLE", 
    "name": "SUBJECT_ID", 
    "type": "INTEGER"
  }, 
  {
    "mode": "NULLABLE", 
    "name": "HADM_ID", 
    "type": "INTEGER"
  }, 
  {
    "mode": "NULLABLE", 
    "name": "CHARTDATE", 
    "type": "DATETIME"
  }, 
  {
    "mode": "NULLABLE", 
    "name": "CHARTTIME", 
    "type": "DATETIME"
  }, 
  {
    "mode": "NULLABLE", 
    "name": "STORETIME", 
    "type": "DATETIME"
  }, 
  {
    "mode": "NULLABLE", 
    "name": "CATEGORY", 
    "type": "STRING"
  }, 
  {
    "mode": "NULLABLE", 
    "name": "DESCRIPTION", 
    "type": "STRING"
  }, 
  {
    "mode": "NULLABLE", 
    "name": "CGID", 
    "type": "INTEGER"
  }, 
  {
    "mode": "NULLABLE", 
    "name": "ISERROR", 
    "type": "STRING"
  }, 
  {
    "mode": "NULLABLE", 
    "name": "TEXT", 
    "type": "STRING"
  }
]
