[
  {
    "mode": "NULLABLE", 
    "name": "ROW_ID", 
    "type": "INTEGER"
  }, 
  {
    "mode": "NULLABLE", 
    "name": "SUBJECT_ID", 
    "type": "INTEGER"
  }, 
  {
    "mode": "NULLABLE", 
    "name": "GENDER", 
    "type": "STRING"
  }, 
  {
    "mode": "NULLABLE", 
    "name": "DOB", 
    "type": "DATETIME"
  }, 
  {
    "mode": "NULLABLE", 
    "name": "DOD", 
    "type": "DATETIME"
  }, 
  {
    "mode": "NULLABLE", 
    "name": "DOD_HOSP", 
    "type": "DATETIME"
  }, 
  {
    "mode": "NULLABLE", 
    "name": "DOD_SSN", 
    "type": "DATETIME"
  }, 
  {
    "mode": "NULLABLE", 
    "name": "EXPIRE_FLAG", 
    "type": "INTEGER"
  }
]
