[
    {
        "name": "subject_id",
        "type": "INT64",
        "mode": "REQUIRED"
    },
    {
        "name": "hadm_id",
        "type": "INT64",
        "mode": "NULLABLE"
    },
    {
        "name": "stay_id",
        "type": "INT64",
        "mode": "REQUIRED"
    },
    {
        "name": "intime",
        "type": "DATETIME",
        "mode": "REQUIRED"
    },
    {
        "name": "outtime",
        "type": "DATETIME",
        "mode": "REQUIRED"
    },
    {
        "name": "gender",
        "type": "STRING",
        "mode": "REQUIRED"
    },
    {
        "name": "race",
        "type": "STRING",
        "mode": "NULLABLE"
    },
    {
        "name": "arrival_transport",
        "type": "STRING",
        "mode": "REQUIRED"
    },
    {
        "name": "disposition",
        "type": "STRING",
        "mode": "NULLABLE"
    }
]