[
    {
        "name": "subject_id",
        "type": "INT64",
        "mode": "REQUIRED"
    },
    {
        "name": "stay_id",
        "type": "INT64",
        "mode": "REQUIRED"
    },
    {
        "name": "charttime",
        "type": "DATETIME",
        "mode": "NULLABLE"
    },
    {
        "name": "med_rn",
        "type": "INT64",
        "mode": "REQUIRED"
    },
    {
        "name": "name",
        "type": "STRING",
        "mode": "NULLABLE"
    },
    {
        "name": "gsn_rn",
        "type": "INT64",
        "mode": "REQUIRED"
    },
    {
        "name": "gsn",
        "type": "STRING",
        "mode": "NULLABLE"
    }
]