[
    {
        "name": "itemid",
        "type": "INT64",
        "mode": "REQUIRED"
    },
    {
        "name": "label",
        "type": "STRING",
        "mode": "REQUIRED"
    },
    {
        "name": "abbreviation",
        "type": "STRING",
        "mode": "REQUIRED"
    },
    {
        "name": "linksto",
        "type": "STRING",
        "mode": "REQUIRED"
    },
    {
        "name": "category",
        "type": "STRING",
        "mode": "REQUIRED"
    },
    {
        "name": "unitname",
        "type": "STRING",
        "mode": "NULLABLE"
    },
    {
        "name": "param_type",
        "type": "STRING",
        "mode": "REQUIRED"
    },
    {
        "name": "lownormalvalue",
        "type": "FLOAT64",
        "mode": "NULLABLE"
    },
    {
        "name": "highnormalvalue",
        "type": "FLOAT64",
        "mode": "NULLABLE"
    }
]