[
    {
        "name": "subject_id",
        "type": "INT64",
        "mode": "REQUIRED"
    },
    {
        "name": "hadm_id",
        "type": "INT64",
        "mode": "REQUIRED"
    },
    {
        "name": "stay_id",
        "type": "INT64",
        "mode": "REQUIRED"
    },
    {
        "name": "first_careunit",
        "type": "STRING",
        "mode": "NULLABLE"
    },
    {
        "name": "last_careunit",
        "type": "STRING",
        "mode": "NULLABLE"
    },
    {
        "name": "intime",
        "type": "DATETIME",
        "mode": "NULLABLE"
    },
    {
        "name": "outtime",
        "type": "DATETIME",
        "mode": "NULLABLE"
    },
    {
        "name": "los",
        "type": "FLOAT64",
        "mode": "NULLABLE"
    }
]