[
    {
        "name": "subject_id",
        "type": "INT64",
        "mode": "REQUIRED"
    },
    {
        "name": "hadm_id",
        "type": "INT64",
        "mode": "REQUIRED"
    },
    {
        "name": "stay_id",
        "type": "INT64",
        "mode": "NULLABLE"
    },
    {
        "name": "caregiver_id",
        "type": "INT64",
        "mode": "NULLABLE"
    },
    {
        "name": "starttime",
        "type": "DATETIME",
        "mode": "REQUIRED"
    },
    {
        "name": "endtime",
        "type": "DATETIME",
        "mode": "REQUIRED"
    },
    {
        "name": "storetime",
        "type": "DATETIME",
        "mode": "NULLABLE"
    },
    {
        "name": "itemid",
        "type": "INT64",
        "mode": "REQUIRED"
    },
    {
        "name": "amount",
        "type": "FLOAT64",
        "mode": "NULLABLE"
    },
    {
        "name": "amountuom",
        "type": "STRING",
        "mode": "NULLABLE"
    },
    {
        "name": "rate",
        "type": "FLOAT64",
        "mode": "NULLABLE"
    },
    {
        "name": "rateuom",
        "type": "STRING",
        "mode": "NULLABLE"
    },
    {
        "name": "orderid",
        "type": "INT64",
        "mode": "REQUIRED"
    },
    {
        "name": "linkorderid",
        "type": "INT64",
        "mode": "NULLABLE"
    },
    {
        "name": "ordercategoryname",
        "type": "STRING",
        "mode": "NULLABLE"
    },
    {
        "name": "secondaryordercategoryname",
        "type": "STRING",
        "mode": "NULLABLE"
    },
    {
        "name": "ordercomponenttypedescription",
        "type": "STRING",
        "mode": "NULLABLE"
    },
    {
        "name": "ordercategorydescription",
        "type": "STRING",
        "mode": "NULLABLE"
    },
    {
        "name": "patientweight",
        "type": "FLOAT64",
        "mode": "NULLABLE"
    },
    {
        "name": "totalamount",
        "type": "FLOAT64",
        "mode": "NULLABLE"
    },
    {
        "name": "totalamountuom",
        "type": "STRING",
        "mode": "NULLABLE"
    },
    {
        "name": "isopenbag",
        "type": "INT64",
        "mode": "NULLABLE"
    },
    {
        "name": "continueinnextdept",
        "type": "INT64",
        "mode": "NULLABLE"
    },
    {
        "name": "statusdescription",
        "type": "STRING",
        "mode": "NULLABLE"
    },
    {
        "name": "originalamount",
        "type": "FLOAT64",
        "mode": "NULLABLE"
    },
    {
        "name": "originalrate",
        "type": "FLOAT64",
        "mode": "NULLABLE"
    }
]